POS,GENE,HGVS_C,HGVS_P
23599,S,c.2037T>A,p.Asn679Lys
28144,ORF8,c.251T>C,p.Leu84Ser
23599,S,c.2037T>A,p.Asn679Lys
28144,ORF8,c.251T>C,p.Leu84Ser
22,orf1ab,c.-244A>C,.
229,orf1ab,c.-37A>G,.
508,orf1ab,c.243T>G,p.His81Gln
587,orf1ab,c.322G>A,p.Val108Ile
756,orf1ab,c.491A>G,p.Lys164Arg
1083,orf1ab,c.818T>C,p.Phe273Ser
1202,orf1ab,c.937A>G,p.Asn313Asp
1755,orf1ab,c.1490A>G,p.Lys497Arg
2440,orf1ab,c.2175A>T,p.Glu725Asp
2804,orf1ab,c.2542delA,p.Arg848fs
3888,orf1ab,c.3623A>G,p.Lys1208Arg
3987,orf1ab,c.3722C>T,p.Thr1241Ile
4403,orf1ab,c.4138G>C,p.Ala1380Pro
5169,orf1ab,c.4904A>G,p.Tyr1635Cys
5709,orf1ab,c.5444A>G,p.Glu1815Gly
6056,orf1ab,c.5791G>A,p.Val1931Ile
6126,orf1ab,c.5861A>C,p.Glu1954Ala
6321,orf1ab,c.6056T>G,p.Val2019Gly
6683,orf1ab,c.6418A>C,p.Asn2140His
6912,orf1ab,c.6647A>G,p.Asn2216Ser
7175,orf1ab,c.6910T>G,p.Leu2304Val
7622,orf1ab,c.7357G>A,p.Val2453Ile
8355,orf1ab,c.8090G>A,p.Arg2697His
8703,orf1ab,c.8438A>C,p.Asp2813Ala
9773,orf1ab,c.9508G>A,p.Val3170Ile
9824,orf1ab,c.9559A>G,p.Lys3187Glu
10197,orf1ab,c.9932A>C,p.Asp3311Ala
10856,orf1ab,c.10591T>A,p.Leu3531Ile
11135,orf1ab,c.10870T>C,p.Phe3624Leu
11216,orf1ab,c.10951A>G,p.Asn3651Asp
11298,orf1ab,c.11033A>G,p.Lys3678Arg
11480,orf1ab,c.11215T>C,p.Ser3739Pro
12127,orf1ab,c.11862T>A,p.Tyr3954*
12168,orf1ab,c.11903T>C,p.Val3968Ala
12760,orf1ab,c.12495T>A,p.Asp4165Glu
12810,orf1ab,c.12545T>C,p.Leu4182Pro
12893,orf1ab,c.12630delA,p.Glu4210fs
12897,orf1ab,c.12632C>A,p.Pro4211Gln
13134,orf1ab,c.12869C>T,p.Pro4290Leu
13442,orf1ab,c.13177T>C,p.Ser4393Pro
14070,orf1ab,c.13805A>G,p.Lys4602Arg
14198,orf1ab,c.13933C>A,p.Gln4645Lys
14271,orf1ab,c.14006A>G,p.Lys4669Arg
14384,orf1ab,c.14119T>C,p.Phe4707Leu
15231,orf1ab,c.14966T>C,p.Val4989Ala
15359,orf1ab,c.15094G>A,p.Ala5032Thr
15668,orf1ab,c.15403A>G,p.Met5135Val
15816,orf1ab,c.15551T>G,p.Phe5184Cys
15972,orf1ab,c.15707A>G,p.Ter5236Trpext*?
16032,orf1ab,c.15767A>G,p.Ter5256Trpext*?
16316,orf1ab,c.16052delT,p.Val5351fs
16556,orf1ab,c.16291A>G,p.Met5431Val
17070,orf1ab,c.16805T>C,p.Leu5602Pro
17624,orf1ab,c.17359C>A,p.His5787Asn
18279,orf1ab,c.18014A>G,p.Ter6005Ter
18740,orf1ab,c.18477delT,p.Thr6160fs
18794,orf1ab,c.18529A>G,p.Thr6177Ala
18971,orf1ab,c.18706A>G,p.Arg6236Gly
19256,orf1ab,c.18991T>A,p.Tyr6331Asn
19430,orf1ab,c.19165A>G,p.Ile6389Val
19673,orf1ab,c.19408A>G,p.Asn6470Asp
19958,orf1ab,c.19693A>G,p.Lys6565Glu
20095,orf1ab,c.19830C>A,p.Asn6610Lys
20230,orf1ab,c.19965A>C,p.Leu6655Phe
20529,orf1ab,c.20264T>C,p.Leu6755Ser
20679,orf1ab,c.20414G>C,p.Arg6805Pro
20754,orf1ab,c.20489T>C,p.Ile6830Thr
21224,orf1ab,c.20959G>T,p.Gly6987Cys
22569,S,c.1010dupC,p.Gly339fs
22637,S,c.1075A>G,p.Ser359Gly
22699,S,c.1137T>G,p.Cys379Trp
23010,S,c.1448T>C,p.Val483Ala
23363,S,c.1801G>A,p.Gly601Arg
23900,S,c.2338G>T,p.Glu780*
24182,S,c.2620A>G,p.Thr874Ala
24192,S,c.2630T>C,p.Leu877Pro
24583,S,c.3021T>G,p.Tyr1007*
24678,S,c.3116_3117delGAinsTC,p.Arg1039Ile
24748,S,c.3186C>A,p.Phe1062Leu
25283,S,c.3721T>C,p.Cys1241Arg
25322,S,c.3760T>A,p.Cys1254Ser
25550,ORF3a,c.158T>C,p.Leu53Pro
25814,ORF3a,c.422A>T,p.Tyr141Phe
26030,ORF3a,c.638A>G,p.Gln213Arg
26327,E,c.83T>C,p.Leu28Pro
27883,ORF8,c.-11C>A,.
28144,ORF8,c.251T>C,p.Leu84Ser
28881,N,c.608G>T,p.Arg203Met
28887,N,c.614_615delCTinsTA,p.Thr205Ile
29870,S,c.*4486C>A,.
23599,S,c.2037T>A,p.Asn679Lys
28144,ORF8,c.251T>C,p.Leu84Ser
